step,time,channel,effective_output,inst_dominance,smooth_dominance,winner,delta
1,1770674190.455527,D1,0.453881259,0.421918062,0.005625574,D2,0.002082185
1,1770674190.455527,D2,0.621875622,0.578081938,0.007707759,D2,0.002082185
2,1770674190.481505,D1,0.454361051,0.421962335,0.011176731,D2,0.004135427
2,1770674190.481505,D2,0.622420011,0.578037665,0.015312158,D2,0.004135427
3,1770674190.508664,D1,0.454758954,0.422000043,0.016654375,D2,0.006160287
3,1770674190.508664,D2,0.622868789,0.577999957,0.022814662,D2,0.006160287
4,1770674190.536740,D1,0.454930011,0.421840385,0.022056855,D2,0.008162406
4,1770674190.536740,D2,0.623511095,0.578159615,0.030219261,D2,0.008162406
5,1770674190.563038,D1,0.455298193,0.421826791,0.027387121,D2,0.010138193
5,1770674190.563038,D2,0.624050493,0.578173209,0.037525314,D2,0.010138193
6,1770674190.588310,D1,0.455704801,0.421823587,0.032646274,D2,0.012087721
6,1770674190.588310,D2,0.624616013,0.578176413,0.044733995,D2,0.012087721
7,1770674190.614506,D1,0.455842595,0.421761620,0.037834479,D2,0.014012908
7,1770674190.614506,D2,0.624963654,0.578238380,0.051847387,D2,0.014012908
8,1770674190.640465,D1,0.456348072,0.421775212,0.042953688,D2,0.015912064
8,1770674190.640465,D2,0.625621800,0.578224788,0.058865752,D2,0.015912064
9,1770674190.665982,D1,0.456963036,0.421808996,0.048005092,D2,0.017784997
9,1770674190.665982,D2,0.626378097,0.578191004,0.065790089,D2,0.017784997
10,1770674190.692012,D1,0.457339281,0.421743972,0.052988278,D2,0.019634691
10,1770674190.692012,D2,0.627060997,0.578256028,0.072622968,D2,0.019634691
11,1770674190.717522,D1,0.457599505,0.421654409,0.057903826,D2,0.021462111
11,1770674190.717522,D2,0.627648261,0.578345591,0.079365937,D2,0.021462111
12,1770674190.743866,D1,0.457832561,0.421476717,0.062751464,D2,0.023269903
12,1770674190.743866,D2,0.628425690,0.578523283,0.086021368,D2,0.023269903
13,1770674190.771369,D1,0.458059701,0.421370085,0.067533046,D2,0.025056436
13,1770674190.771369,D2,0.629012488,0.578629915,0.092589482,D2,0.025056436
14,1770674190.801229,D1,0.458376114,0.421390479,0.072251145,D2,0.026818604
14,1770674190.801229,D2,0.629394342,0.578609521,0.099069749,D2,0.026818604
15,1770674190.827741,D1,0.458614098,0.421200988,0.076903810,D2,0.028562329
15,1770674190.827741,D2,0.630210741,0.578799012,0.105466139,D2,0.028562329
16,1770674190.858962,D1,0.458951440,0.421136629,0.081493581,D2,0.030284522
16,1770674190.858962,D2,0.630840823,0.578863371,0.111778102,D2,0.030284522
17,1770674190.890257,D1,0.459368764,0.421202504,0.086023033,D2,0.031981994
17,1770674190.890257,D2,0.631243850,0.578797496,0.118005027,D2,0.031981994
18,1770674190.922149,D1,0.459539433,0.420965809,0.090488937,D2,0.033663146
18,1770674190.922149,D2,0.632091818,0.579034191,0.124152083,D2,0.033663146
19,1770674190.953948,D1,0.459824196,0.420847937,0.094893723,D2,0.035325026
19,1770674190.953948,D2,0.632789444,0.579152063,0.130218749,D2,0.035325026
20,1770674190.986562,D1,0.460123478,0.420815550,0.099239348,D2,0.036965611
20,1770674190.986562,D2,0.633285448,0.579184450,0.136204959,D2,0.036965611
21,1770674191.018442,D1,0.460350997,0.420698264,0.103525467,D2,0.038587449
21,1770674191.018442,D2,0.633903571,0.579301736,0.142112916,D2,0.038587449
22,1770674191.050157,D1,0.460766821,0.420589719,0.107752990,D2,0.040190557
22,1770674191.050157,D2,0.634758818,0.579410281,0.147943547,D2,0.040190557
23,1770674191.082078,D1,0.461078122,0.420566765,0.111923840,D2,0.041772903
23,1770674191.082078,D2,0.635247505,0.579433235,0.153696743,D2,0.041772903
24,1770674191.113893,D1,0.461521664,0.420566973,0.116039082,D2,0.043334145
24,1770674191.113893,D2,0.635858049,0.579433027,0.159373227,D2,0.043334145
25,1770674191.147073,D1,0.461817939,0.420467823,0.120098132,D2,0.044877214
25,1770674191.147073,D2,0.636525177,0.579532177,0.164975346,D2,0.044877214
26,1770674191.178755,D1,0.462274028,0.420481057,0.124103238,D2,0.046399357
26,1770674191.178755,D2,0.637119202,0.579518943,0.170502594,D2,0.046399357
27,1770674191.206692,D1,0.462876776,0.420597121,0.128056489,D2,0.047898109
27,1770674191.206692,D2,0.637646153,0.579402879,0.175954598,D2,0.047898109
28,1770674191.233358,D1,0.463403664,0.420698211,0.131958379,D2,0.049374182
28,1770674191.233358,D2,0.638107235,0.579301789,0.181332561,D2,0.049374182
29,1770674191.260214,D1,0.463816750,0.420720816,0.135808545,D2,0.050829971
29,1770674191.260214,D2,0.638616818,0.579279184,0.186638516,D2,0.050829971
30,1770674191.288792,D1,0.464154029,0.420697240,0.139607061,D2,0.052266978
30,1770674191.288792,D2,0.639143032,0.579302760,0.191874039,D2,0.052266978
31,1770674191.316313,D1,0.464524319,0.420660208,0.143354436,D2,0.053685813
31,1770674191.316313,D2,0.639750130,0.579339792,0.197040249,D2,0.053685813
32,1770674191.344706,D1,0.464851037,0.420665319,0.147051915,D2,0.055085593
32,1770674191.344706,D2,0.640186663,0.579334681,0.202137508,D2,0.055085593
33,1770674191.372841,D1,0.465127341,0.420569675,0.150698818,D2,0.056469261
33,1770674191.372841,D2,0.640818638,0.579430325,0.207168079,D2,0.056469261
34,1770674191.400373,D1,0.465499899,0.420524629,0.154296495,D2,0.057835681
34,1770674191.400373,D2,0.641450484,0.579475371,0.212132176,D2,0.057835681
35,1770674191.428660,D1,0.465961260,0.420568786,0.157846793,D2,0.059182704
35,1770674191.428660,D2,0.641969894,0.579431214,0.217029497,D2,0.059182704
36,1770674191.456848,D1,0.466398988,0.420737976,0.161352008,D2,0.060507255
36,1770674191.456848,D2,0.642127019,0.579262024,0.221859264,D2,0.060507255
37,1770674191.484270,D1,0.466782535,0.420737636,0.164810483,D2,0.061814155
37,1770674191.484270,D2,0.642655973,0.579262364,0.226624638,D2,0.061814155
38,1770674191.513535,D1,0.467208885,0.420768116,0.168223252,D2,0.063102816
38,1770674191.513535,D2,0.643162521,0.579231884,0.231326068,D2,0.063102816
39,1770674191.541051,D1,0.467517474,0.420709098,0.171589730,D2,0.064375869
39,1770674191.541051,D2,0.643743196,0.579290902,0.235965599,D2,0.064375869
40,1770674191.568836,D1,0.467845429,0.420698727,0.174911183,D2,0.065632225
40,1770674191.568836,D2,0.644222182,0.579301273,0.240543408,D2,0.065632225
41,1770674191.596479,D1,0.468146298,0.420704870,0.178188432,D2,0.066871666
41,1770674191.596479,D2,0.644620231,0.579295130,0.245060098,D2,0.066871666
42,1770674191.624073,D1,0.468626093,0.420686530,0.181421740,D2,0.068095069
42,1770674191.624073,D2,0.645329452,0.579313470,0.249516810,D2,0.068095069
43,1770674191.651458,D1,0.469177115,0.420647272,0.184611414,D2,0.069303208
43,1770674191.651458,D2,0.646192330,0.579352728,0.253914622,D2,0.069303208
44,1770674191.678805,D1,0.469291726,0.420507659,0.187756697,D2,0.070498961
44,1770674191.678805,D2,0.646720590,0.579492341,0.258255658,D2,0.070498961
45,1770674191.706872,D1,0.469582950,0.420541177,0.190860490,D2,0.071677877
45,1770674191.706872,D2,0.647032914,0.579458823,0.262538367,D2,0.071677877
46,1770674191.735187,D1,0.469825217,0.420399634,0.193921012,D2,0.072844848
46,1770674191.735187,D2,0.647742876,0.579600366,0.266765860,D2,0.072844848
47,1770674191.770763,D1,0.470246309,0.420410508,0.196940872,D2,0.073995970
47,1770674191.770763,D2,0.648294499,0.579589492,0.270936842,D2,0.073995970
48,1770674191.803597,D1,0.470346558,0.420373431,0.199919973,D2,0.075132732
48,1770674191.803597,D2,0.648531379,0.579626569,0.275052705,D2,0.075132732
49,1770674191.833118,D1,0.470683651,0.420389750,0.202859570,D2,0.076253902
49,1770674191.833118,D2,0.648952713,0.579610250,0.279113472,D2,0.076253902
50,1770674191.862203,D1,0.470959119,0.420339866,0.205759307,D2,0.077361454
50,1770674191.862203,D2,0.649465464,0.579660134,0.283120761,D2,0.077361454
51,1770674191.888505,D1,0.471335416,0.420317300,0.208620081,D2,0.078454840
51,1770674191.888505,D2,0.650044589,0.579682700,0.287074920,D2,0.078454840
52,1770674191.914458,D1,0.471683769,0.420274799,0.211442143,D2,0.079534781
52,1770674191.914458,D2,0.650638508,0.579725201,0.290976924,D2,0.079534781
53,1770674191.942481,D1,0.471948865,0.420194864,0.214225513,D2,0.080602454
53,1770674191.942481,D2,0.651217803,0.579805136,0.294827967,D2,0.080602454
54,1770674191.969183,D1,0.472402808,0.420141463,0.216971059,D2,0.081657315
54,1770674191.969183,D2,0.651987068,0.579858537,0.298628374,D2,0.081657315
55,1770674191.996540,D1,0.472765563,0.420058721,0.219678895,D2,0.082700319
55,1770674191.996540,D2,0.652709374,0.579941279,0.302379213,D2,0.082700319
56,1770674192.023716,D1,0.473168776,0.420145270,0.222351780,D2,0.083727107
56,1770674192.023716,D2,0.653034016,0.579854730,0.306078887,D2,0.083727107
57,1770674192.050819,D1,0.473526924,0.420200430,0.224989762,D2,0.084738734
57,1770674192.050819,D2,0.653380357,0.579799570,0.309728496,D2,0.084738734
58,1770674192.077623,D1,0.473966513,0.420266892,0.227593457,D2,0.085735101
58,1770674192.077623,D2,0.653808532,0.579733108,0.313328557,D2,0.085735101
59,1770674192.104950,D1,0.474479240,0.420247116,0.230162172,D2,0.086718710
59,1770674192.104950,D2,0.654568936,0.579752884,0.316880882,D2,0.086718710
60,1770674192.131972,D1,0.474879419,0.420333309,0.232697787,D2,0.087686905
60,1770674192.131972,D2,0.654889289,0.579666691,0.320384693,D2,0.087686905
61,1770674192.159918,D1,0.475119703,0.420237048,0.235198311,D2,0.088644759
61,1770674192.159918,D2,0.655479573,0.579762952,0.323843069,D2,0.088644759
62,1770674192.187346,D1,0.475572065,0.420328653,0.237666715,D2,0.089587398
62,1770674192.187346,D2,0.655857024,0.579671347,0.327254113,D2,0.089587398
63,1770674192.214358,D1,0.475961516,0.420374687,0.240102822,D2,0.090516241
63,1770674192.214358,D2,0.656270112,0.579625313,0.330619062,D2,0.090516241
64,1770674192.241310,D1,0.476153212,0.420208607,0.242504232,D2,0.091437128
64,1770674192.241310,D2,0.656982102,0.579791393,0.333941360,D2,0.091437128
65,1770674192.270957,D1,0.476546958,0.420150330,0.244872847,D2,0.092347291
65,1770674192.270957,D2,0.657682684,0.579849670,0.337220138,D2,0.092347291
66,1770674192.298376,D1,0.476685378,0.419973019,0.247207516,D2,0.093250046
66,1770674192.298376,D2,0.658352724,0.580026981,0.340457562,D2,0.093250046
67,1770674192.325463,D1,0.477030945,0.419920398,0.249510354,D2,0.094142169
67,1770674192.325463,D2,0.658972325,0.580079602,0.343652523,D2,0.094142169
68,1770674192.353956,D1,0.477231999,0.419857937,0.251781655,D2,0.095024061
68,1770674192.353956,D2,0.659419134,0.580142063,0.346805717,D2,0.095024061
69,1770674192.379643,D1,0.477453056,0.419813328,0.254022077,D2,0.095895385
69,1770674192.379643,D2,0.659845415,0.580186672,0.349917463,D2,0.095895385
70,1770674192.408085,D1,0.477873568,0.419895406,0.256233722,D2,0.096752903
70,1770674192.408085,D2,0.660204060,0.580104594,0.352986624,D2,0.096752903
71,1770674192.435529,D1,0.478030391,0.419810020,0.258414739,D2,0.097601263
71,1770674192.435529,D2,0.660652270,0.580189980,0.356016002,D2,0.097601263
72,1770674192.463538,D1,0.478280955,0.419748390,0.260565855,D2,0.098439956
72,1770674192.463538,D2,0.661165834,0.580251610,0.359005811,D2,0.098439956
73,1770674192.491244,D1,0.478703981,0.419795023,0.262688910,D2,0.099266223
73,1770674192.491244,D2,0.661623929,0.580204977,0.361955133,D2,0.099266223
74,1770674192.519480,D1,0.478875878,0.419614724,0.264781254,D2,0.100086280
74,1770674192.519480,D2,0.662351659,0.580385276,0.364867535,D2,0.100086280
75,1770674192.546991,D1,0.479347354,0.419684623,0.266846633,D2,0.100893540
75,1770674192.546991,D2,0.662813516,0.580315377,0.367740173,D2,0.100893540
76,1770674192.574572,D1,0.479562923,0.419584992,0.268883144,D2,0.101692693
76,1770674192.574572,D2,0.663382921,0.580415008,0.370575837,D2,0.101692693
77,1770674192.602966,D1,0.479909106,0.419519033,0.270891623,D2,0.102482950
77,1770674192.602966,D2,0.664041628,0.580480967,0.373374572,D2,0.102482950
78,1770674192.630550,D1,0.480256483,0.419598142,0.272874376,D2,0.103260560
78,1770674192.630550,D2,0.664306458,0.580401858,0.376134936,D2,0.103260560
79,1770674192.658608,D1,0.480639478,0.419626000,0.274831064,D2,0.104027059
79,1770674192.658608,D2,0.664760182,0.580374000,0.378858123,D2,0.104027059
80,1770674192.686323,D1,0.480940452,0.419509049,0.276760104,D2,0.104786457
80,1770674192.686323,D2,0.665495968,0.580490951,0.381546561,D2,0.104786457
81,1770674192.713999,D1,0.481176085,0.419332108,0.278661064,D2,0.105540448
81,1770674192.713999,D2,0.666306009,0.580667892,0.384201512,D2,0.105540448
82,1770674192.741993,D1,0.481587588,0.419374709,0.280537246,D2,0.106283250
82,1770674192.741993,D2,0.666759173,0.580625291,0.386820496,D2,0.106283250
83,1770674192.771089,D1,0.481993984,0.419416627,0.282388971,D2,0.107015030
83,1770674192.771089,D2,0.667206960,0.580583373,0.389404001,D2,0.107015030
84,1770674192.799764,D1,0.482296058,0.419439306,0.284216309,D2,0.107736448
84,1770674192.799764,D2,0.667562935,0.580560694,0.391952757,D2,0.107736448
85,1770674192.827524,D1,0.482562204,0.419447062,0.286019386,D2,0.108448040
85,1770674192.827524,D2,0.667910043,0.580552938,0.394467426,D2,0.108448040
86,1770674192.856356,D1,0.482880083,0.419410594,0.287797935,D2,0.109151117
86,1770674192.856356,D2,0.668450118,0.580589406,0.396949052,D2,0.109151117
87,1770674192.884022,D1,0.483301471,0.419481694,0.289553719,D2,0.109842924
87,1770674192.884022,D2,0.668838128,0.580518306,0.399396642,D2,0.109842924
88,1770674192.911296,D1,0.483676620,0.419431545,0.291285423,D2,0.110526844
88,1770674192.911296,D2,0.669495157,0.580568455,0.401812267,D2,0.110526844
89,1770674192.939983,D1,0.483915180,0.419308618,0.292992399,D2,0.111204922
89,1770674192.939983,D2,0.670163604,0.580691382,0.404197321,D2,0.111204922
90,1770674192.969006,D1,0.484487666,0.419472859,0.294678805,D2,0.111869581
90,1770674192.969006,D2,0.670504022,0.580527141,0.406548386,D2,0.111869581
91,1770674192.995252,D1,0.484885038,0.419498909,0.296343073,D2,0.112524682
91,1770674192.995252,D2,0.670982182,0.580501091,0.408867755,D2,0.112524682
92,1770674193.023219,D1,0.485082465,0.419359813,0.297983296,D2,0.113174758
92,1770674193.023219,D2,0.671638923,0.580640187,0.411158054,D2,0.113174758
93,1770674193.050843,D1,0.485498379,0.419386722,0.299602009,D2,0.113815448
93,1770674193.050843,D2,0.672140511,0.580613278,0.413417457,D2,0.113815448
94,1770674193.078503,D1,0.485660480,0.419293670,0.301197898,D2,0.114450078
94,1770674193.078503,D2,0.672621925,0.580706330,0.415647975,D2,0.114450078
95,1770674193.106624,D1,0.485839937,0.419174384,0.302770917,D2,0.115079427
95,1770674193.106624,D2,0.673200204,0.580825616,0.417850344,D2,0.115079427
96,1770674193.147148,D1,0.486252502,0.419052501,0.304321338,D2,0.115703634
96,1770674193.147148,D2,0.674109269,0.580947499,0.420024973,D2,0.115703634
97,1770674193.180011,D1,0.486621401,0.419148563,0.305852368,D2,0.116316958
97,1770674193.180011,D2,0.674354549,0.580851437,0.422169326,D2,0.116316958
98,1770674193.213560,D1,0.486678278,0.418969715,0.307360599,D2,0.116926872
98,1770674193.213560,D2,0.674929018,0.581030285,0.424287472,D2,0.116926872
99,1770674193.246999,D1,0.487000722,0.418909330,0.308847916,D2,0.117530265
99,1770674193.246999,D2,0.675543740,0.581090670,0.426378181,D2,0.117530265
100,1770674193.282969,D1,0.487307661,0.418854101,0.310314665,D2,0.118127086
100,1770674193.282969,D2,0.676122897,0.581145899,0.428441751,D2,0.118127086
101,1770674193.316691,D1,0.487579999,0.418849003,0.311761789,D2,0.118716084
101,1770674193.316691,D2,0.676514927,0.581150997,0.430477874,D2,0.118716084
102,1770674193.353755,D1,0.488039730,0.418886847,0.313190124,D2,0.119296221
102,1770674193.353755,D2,0.677047532,0.581113153,0.432486344,D2,0.119296221
103,1770674193.392537,D1,0.488347561,0.418864342,0.314599113,D2,0.119869222
103,1770674193.392537,D2,0.677537220,0.581135658,0.434468335,D2,0.119869222
104,1770674193.438738,D1,0.488550998,0.418815679,0.315988667,D2,0.120435881
104,1770674193.438738,D2,0.677954993,0.581184321,0.436424548,D2,0.120435881
105,1770674193.465021,D1,0.489017988,0.418918527,0.317361065,D2,0.120992242
105,1770674193.465021,D2,0.678316365,0.581081473,0.438353307,D2,0.120992242
106,1770674193.492136,D1,0.489303654,0.418889623,0.318714780,D2,0.121541955
106,1770674193.492136,D2,0.678793208,0.581110377,0.440256735,D2,0.121541955
107,1770674193.520086,D1,0.489399501,0.418780606,0.320048991,D2,0.122087246
107,1770674193.520086,D2,0.679230311,0.581219394,0.442136237,D2,0.122087246
108,1770674193.546956,D1,0.489725598,0.418706618,0.321364426,D2,0.122627240
108,1770674193.546956,D2,0.679889537,0.581293382,0.443991666,D2,0.122627240
109,1770674193.579152,D1,0.489933619,0.418590992,0.322660780,D2,0.123163117
109,1770674193.579152,D2,0.680501550,0.581409008,0.445823897,D2,0.123163117
110,1770674193.607996,D1,0.490324792,0.418639710,0.323940499,D2,0.123690550
110,1770674193.607996,D2,0.680908564,0.581360290,0.447631049,D2,0.123690550
111,1770674193.636162,D1,0.490708785,0.418578937,0.325202345,D2,0.124212571
111,1770674193.636162,D2,0.681611994,0.581421063,0.449414916,D2,0.124212571
112,1770674193.665067,D1,0.490901491,0.418450500,0.326445653,D2,0.124731057
112,1770674193.665067,D2,0.682239635,0.581549500,0.451176710,D2,0.124731057
113,1770674193.697025,D1,0.491276050,0.418521903,0.327673337,D2,0.125240725
113,1770674193.697025,D2,0.682559885,0.581478097,0.452914062,D2,0.125240725
114,1770674193.738403,D1,0.491514364,0.418482539,0.328884126,D2,0.125744648
114,1770674193.738403,D2,0.683001460,0.581517461,0.454628774,D2,0.125744648
115,1770674193.767627,D1,0.491795416,0.418466932,0.330078564,D2,0.126242268
115,1770674193.767627,D2,0.683435837,0.581533068,0.456320831,D2,0.126242268
116,1770674193.795495,D1,0.492199895,0.418529437,0.331257909,D2,0.126731586
116,1770674193.795495,D2,0.683822270,0.581470563,0.457989494,D2,0.126731586
117,1770674193.822863,D1,0.492409789,0.418455779,0.332420547,D2,0.127216344
117,1770674193.822863,D2,0.684320978,0.581544221,0.459636891,D2,0.127216344
118,1770674193.850706,D1,0.492713646,0.418453615,0.333567654,D2,0.127694696
118,1770674193.850706,D2,0.684749348,0.581546385,0.461262351,D2,0.127694696
119,1770674193.878190,D1,0.492955751,0.418357826,0.334698190,D2,0.128169225
119,1770674193.878190,D2,0.685355541,0.581642174,0.462867415,D2,0.128169225
120,1770674193.906604,D1,0.493286480,0.418296789,0.335812838,D2,0.128639054
120,1770674193.906604,D2,0.685987406,0.581703211,0.464451892,D2,0.128639054
121,1770674193.937095,D1,0.493455128,0.418273363,0.336912312,D2,0.129103244
121,1770674193.937095,D2,0.686288006,0.581726637,0.466015555,D2,0.129103244
122,1770674193.968220,D1,0.493879723,0.418359028,0.337998268,D2,0.129558960
122,1770674193.968220,D2,0.686636748,0.581640972,0.467557228,D2,0.129558960
123,1770674193.997593,D1,0.493943421,0.418136377,0.339066776,D2,0.130014537
123,1770674193.997593,D2,0.687353994,0.581863623,0.469081313,D2,0.130014537
124,1770674194.030439,D1,0.494110809,0.417947296,0.340118516,D2,0.130469082
124,1770674194.030439,D2,0.688121529,0.582052704,0.470587598,D2,0.130469082
125,1770674194.063438,D1,0.494389973,0.418030264,0.341157340,D2,0.130915354
125,1770674194.063438,D2,0.688275533,0.581969736,0.472072693,D2,0.130915354
126,1770674194.098597,D1,0.494526760,0.417888404,0.342180420,D2,0.131359458
126,1770674194.098597,D2,0.688867551,0.582111596,0.473539879,D2,0.131359458
127,1770674194.132362,D1,0.495236566,0.418066094,0.343192229,D2,0.131792903
127,1770674194.132362,D2,0.689352603,0.581933906,0.474985132,D2,0.131792903
128,1770674194.166102,D1,0.495480953,0.418122541,0.344191300,D2,0.132219063
128,1770674194.166102,D2,0.689532779,0.581877459,0.476410363,D2,0.132219063
129,1770674194.199786,D1,0.495664491,0.418079096,0.345176471,D2,0.132640700
129,1770674194.199786,D2,0.689911388,0.581920904,0.477817171,D2,0.132640700
130,1770674194.233384,D1,0.496006351,0.418078483,0.346148498,D2,0.133056731
130,1770674194.233384,D2,0.690388959,0.581921517,0.479205229,D2,0.133056731
131,1770674194.268159,D1,0.496453966,0.418055836,0.347107262,D2,0.133467819
131,1770674194.268159,D2,0.691076318,0.581944164,0.480575081,D2,0.133467819
132,1770674194.304072,D1,0.496832215,0.418050634,0.348053174,D2,0.133873564
132,1770674194.304072,D2,0.691617637,0.581949366,0.481926738,D2,0.133873564
133,1770674194.337884,D1,0.497087096,0.418011613,0.348985953,D2,0.134274940
133,1770674194.337884,D2,0.692083445,0.581988387,0.483260893,D2,0.134274940
134,1770674194.373360,D1,0.497357404,0.417924207,0.349905130,D2,0.134673296
134,1770674194.373360,D2,0.692708632,0.582075793,0.484578425,D2,0.134673296
135,1770674194.408530,D1,0.497763390,0.417986306,0.350812879,D2,0.135064684
135,1770674194.408530,D2,0.693097131,0.582013694,0.485877562,D2,0.135064684
136,1770674194.446917,D1,0.497995730,0.417895509,0.351707314,D2,0.135453274
136,1770674194.446917,D2,0.693679508,0.582104491,0.487160588,D2,0.135453274
137,1770674194.485535,D1,0.498326338,0.417851184,0.352589232,D2,0.135837866
137,1770674194.485535,D2,0.694266519,0.582148816,0.488427098,D2,0.135837866
138,1770674194.522504,D1,0.498513950,0.417758610,0.353458157,D2,0.136219798
138,1770674194.522504,D2,0.694792277,0.582241390,0.489677955,D2,0.136219798
139,1770674194.552763,D1,0.498489901,0.417565691,0.354312924,D2,0.136601782
139,1770674194.552763,D2,0.695310047,0.582434309,0.490914706,D2,0.136601782
140,1770674194.578802,D1,0.498695961,0.417432065,0.355154513,D2,0.136982237
140,1770674194.578802,D2,0.695979778,0.582567935,0.492136749,D2,0.136982237
141,1770674194.606415,D1,0.498947922,0.417290926,0.355982998,D2,0.137361382
141,1770674194.606415,D2,0.696735692,0.582709074,0.493344380,D2,0.137361382
142,1770674194.634220,D1,0.499166435,0.417302779,0.356800595,D2,0.137735156
142,1770674194.634220,D2,0.697006848,0.582697221,0.494535752,D2,0.137735156
143,1770674194.661830,D1,0.499508865,0.417356732,0.357608011,D2,0.138102508
143,1770674194.661830,D2,0.697330259,0.582643268,0.495710519,D2,0.138102508
144,1770674194.689785,D1,0.499767329,0.417258990,0.358403357,D2,0.138467568
144,1770674194.689785,D2,0.697971585,0.582741010,0.496870925,D2,0.138467568
145,1770674194.717762,D1,0.500112448,0.417255293,0.359188049,D2,0.138827859
145,1770674194.717762,D2,0.698464194,0.582744707,0.498015909,D2,0.138827859
146,1770674194.745705,D1,0.500525306,0.417311631,0.359963030,D2,0.139181845
146,1770674194.745705,D2,0.698878853,0.582688369,0.499144875,D2,0.139181845
147,1770674194.773789,D1,0.500974454,0.417318352,0.360727768,D2,0.139530931
147,1770674194.773789,D2,0.699486661,0.582681648,0.500258699,D2,0.139530931
148,1770674194.802033,D1,0.501355495,0.417290698,0.361481940,D2,0.139876100
148,1770674194.802033,D2,0.700098306,0.582709302,0.501358040,D2,0.139876100
149,1770674194.830000,D1,0.501781839,0.417350626,0.362226856,D2,0.140215068
149,1770674194.830000,D2,0.700520991,0.582649374,0.502441924,D2,0.140215068
150,1770674194.858831,D1,0.501903239,0.417300542,0.362961172,D2,0.140550853
150,1770674194.858831,D2,0.700834807,0.582699458,0.503512025,D2,0.140550853
151,1770674194.887003,D1,0.502204269,0.417239734,0.363684886,D2,0.140883782
151,1770674194.887003,D2,0.701430544,0.582760266,0.504568668,D2,0.140883782
152,1770674194.915618,D1,0.502377634,0.417090243,0.364396958,D2,0.141216258
152,1770674194.915618,D2,0.702104232,0.582909757,0.505613216,D2,0.141216258
153,1770674194.943627,D1,0.502635315,0.417139791,0.365100195,D2,0.141542980
153,1770674194.943627,D2,0.702321215,0.582860209,0.506643176,D2,0.141542980
154,1770674194.972191,D1,0.502916698,0.417108562,0.365793640,D2,0.141866179
154,1770674194.972191,D2,0.702804652,0.582891438,0.507659819,D2,0.141866179
155,1770674195.000596,D1,0.503195171,0.417035251,0.366476862,D2,0.142187023
155,1770674195.000596,D2,0.703405878,0.582964749,0.508663885,D2,0.142187023
156,1770674195.029412,D1,0.503455488,0.417046629,0.367151125,D2,0.142503286
156,1770674195.029412,D2,0.703736833,0.582953371,0.509654412,D2,0.142503286
157,1770674195.057793,D1,0.503669637,0.416970240,0.367815380,D2,0.142817369
157,1770674195.057793,D2,0.704257424,0.583029760,0.510632750,D2,0.142817369
158,1770674195.086001,D1,0.504139717,0.417001662,0.368471197,D2,0.143126427
158,1770674195.086001,D2,0.704823610,0.582998338,0.511597624,D2,0.143126427
159,1770674195.114116,D1,0.504458925,0.417024766,0.369118578,D2,0.143430747
159,1770674195.114116,D2,0.705202866,0.582975234,0.512549326,D2,0.143430747
160,1770674195.142323,D1,0.504755816,0.416995102,0.369756932,D2,0.143731801
160,1770674195.142323,D2,0.705704004,0.583004898,0.513488733,D2,0.143731801
161,1770674195.171137,D1,0.505059345,0.416927273,0.370385870,D2,0.144030650
161,1770674195.171137,D2,0.706325415,0.583072727,0.514416520,D2,0.144030650
162,1770674195.199425,D1,0.505536578,0.416968422,0.371006970,D2,0.144324417
162,1770674195.199425,D2,0.706873166,0.583031578,0.515331387,D2,0.144324417
163,1770674195.227377,D1,0.505823469,0.416926206,0.371619227,D2,0.144615392
163,1770674195.227377,D2,0.707397148,0.583073794,0.516234619,D2,0.144615392
164,1770674195.255768,D1,0.506092050,0.416797090,0.372221598,D2,0.144905931
164,1770674195.255768,D2,0.708148794,0.583202910,0.517127530,D2,0.144905931
165,1770674195.284393,D1,0.506235070,0.416676735,0.372814334,D2,0.145195806
165,1770674195.284393,D2,0.708699741,0.583323265,0.518010140,D2,0.145195806
166,1770674195.313304,D1,0.506651036,0.416690093,0.373399344,D2,0.145481459
166,1770674195.313304,D2,0.709243089,0.583309907,0.518880803,D2,0.145481459
167,1770674195.342037,D1,0.507126426,0.416870493,0.373978959,D2,0.145758494
167,1770674195.342037,D2,0.709381899,0.583129507,0.519737453,D2,0.145758494
168,1770674195.371237,D1,0.507412503,0.416904097,0.374551294,D2,0.146030938
168,1770674195.371237,D2,0.709683962,0.583095903,0.520582232,D2,0.146030938
169,1770674195.401176,D1,0.507576836,0.416827545,0.375114978,D2,0.146301791
169,1770674195.401176,D2,0.710137403,0.583172455,0.521416768,D2,0.146301791
170,1770674195.429226,D1,0.507872893,0.416799016,0.375670765,D2,0.146569793
170,1770674195.429226,D2,0.710635005,0.583200984,0.522240558,D2,0.146569793
171,1770674195.458257,D1,0.508124431,0.416752983,0.376218528,D2,0.146835450
171,1770674195.458257,D2,0.711121624,0.583247017,0.523053977,D2,0.146835450
172,1770674195.486443,D1,0.508521693,0.416749097,0.376758935,D2,0.147097668
172,1770674195.486443,D2,0.711688972,0.583250903,0.523856603,D2,0.147097668
173,1770674195.514531,D1,0.508885004,0.416872133,0.377293778,D2,0.147353109
173,1770674195.514531,D2,0.711837045,0.583127867,0.524646886,D2,0.147353109
174,1770674195.543139,D1,0.509118875,0.416886847,0.377821685,D2,0.147604751
174,1770674195.543139,D2,0.712121080,0.583113153,0.525426437,D2,0.147604751
175,1770674195.571489,D1,0.509381204,0.416865771,0.378342273,D2,0.147853601
175,1770674195.571489,D2,0.712549785,0.583134229,0.526195874,D2,0.147853601
176,1770674195.599758,D1,0.509796397,0.416900742,0.378856386,D2,0.148098199
176,1770674195.599758,D2,0.713027996,0.583099258,0.526954586,D2,0.148098199
177,1770674195.628635,D1,0.510066949,0.416820750,0.379362578,D2,0.148341670
177,1770674195.628635,D2,0.713641202,0.583179250,0.527704248,D2,0.148341670
178,1770674195.656997,D1,0.510273614,0.416670961,0.379860023,D2,0.148585889
178,1770674195.656997,D2,0.714370438,0.583329039,0.528445912,D2,0.148585889
179,1770674195.685670,D1,0.510732734,0.416737801,0.380351727,D2,0.148825069
179,1770674195.685670,D2,0.714816599,0.583262199,0.529176796,D2,0.148825069
180,1770674195.713592,D1,0.511301541,0.416808872,0.380837822,D2,0.149059165
180,1770674195.713592,D2,0.715403494,0.583191128,0.529896987,D2,0.149059165
181,1770674195.741777,D1,0.511678617,0.416817020,0.381317544,D2,0.149289922
181,1770674195.741777,D2,0.715907092,0.583182980,0.530607467,D2,0.149289922
182,1770674195.770101,D1,0.511911084,0.416812395,0.381790809,D2,0.149517726
182,1770674195.770101,D2,0.716245971,0.583187605,0.531308535,D2,0.149517726
183,1770674195.798191,D1,0.512354589,0.416904147,0.382258987,D2,0.149740046
183,1770674195.798191,D2,0.716595979,0.583095853,0.531999033,D2,0.149740046
184,1770674195.828588,D1,0.512667590,0.416923524,0.382721181,D2,0.149958884
184,1770674195.828588,D2,0.716976601,0.583076476,0.532680065,D2,0.149958884
185,1770674195.868592,D1,0.513177750,0.417050663,0.383178907,D2,0.150171415
185,1770674195.868592,D2,0.717314839,0.582949337,0.533350322,D2,0.150171415
186,1770674195.904586,D1,0.513537587,0.417123656,0.383631504,D2,0.150379165
186,1770674195.904586,D2,0.717602338,0.582876344,0.534010669,D2,0.150379165
187,1770674195.938740,D1,0.513865553,0.417096990,0.384077710,D2,0.150584857
187,1770674195.938740,D2,0.718139388,0.582903010,0.534662567,D2,0.150584857
188,1770674195.965433,D1,0.514192396,0.417067812,0.384517578,D2,0.150788584
188,1770674195.965433,D2,0.718682405,0.582932188,0.535306162,D2,0.150788584
189,1770674195.992094,D1,0.514420423,0.417093546,0.384951925,D2,0.150988908
189,1770674195.992094,D2,0.718925017,0.582906454,0.535940833,D2,0.150988908
190,1770674196.021215,D1,0.514574690,0.417072047,0.385380193,D2,0.151187135
190,1770674196.021215,D2,0.719204205,0.582927953,0.536567327,D2,0.151187135
191,1770674196.049246,D1,0.514788163,0.416979389,0.385801516,D2,0.151385189
191,1770674196.049246,D2,0.719776846,0.583020611,0.537186705,D2,0.151385189
192,1770674196.076681,D1,0.515187166,0.417033396,0.386217941,D2,0.151579163
192,1770674196.076681,D2,0.720174727,0.582966604,0.537797103,D2,0.151579163
193,1770674196.104427,D1,0.515477851,0.417021682,0.386628657,D2,0.151770862
193,1770674196.104427,D2,0.720615793,0.582978318,0.538399519,D2,0.151770862
194,1770674196.133073,D1,0.515790346,0.416905638,0.387032350,D2,0.151963100
194,1770674196.133073,D2,0.721396917,0.583094362,0.538995451,D2,0.151963100
195,1770674196.163441,D1,0.516134940,0.416909186,0.387430708,D2,0.152152681
195,1770674196.163441,D2,0.721868340,0.583090814,0.539583389,D2,0.152152681
196,1770674196.200327,D1,0.516346437,0.416812630,0.387822467,D2,0.152342308
196,1770674196.200327,D2,0.722451047,0.583187370,0.540164775,D2,0.152342308
197,1770674196.236734,D1,0.516610750,0.416794053,0.388208755,D2,0.152529903
197,1770674196.236734,D2,0.722876105,0.583205947,0.540738658,D2,0.152529903
198,1770674196.281543,D1,0.516944935,0.416885701,0.388591114,D2,0.152712552
198,1770674196.281543,D2,0.723071053,0.583114299,0.541303666,D2,0.152712552
199,1770674196.308731,D1,0.517313152,0.416901545,0.388968587,D2,0.152892343
199,1770674196.308731,D2,0.723538934,0.583098455,0.541860930,D2,0.152892343
200,1770674196.337461,D1,0.517599695,0.416971475,0.389341958,D2,0.153067873
200,1770674196.337461,D2,0.723731489,0.583028525,0.542409831,D2,0.153067873
201,1770674196.365977,D1,0.517777373,0.416901173,0.389709415,D2,0.153242937
201,1770674196.365977,D2,0.724189325,0.583098827,0.542952351,D2,0.153242937
202,1770674196.394968,D1,0.517958825,0.416936203,0.390072438,D2,0.153414732
202,1770674196.394968,D2,0.724338730,0.583063797,0.543487170,D2,0.153414732
203,1770674196.425487,D1,0.518336613,0.416947825,0.390430777,D2,0.153583927
203,1770674196.425487,D2,0.724832392,0.583052175,0.544014704,D2,0.153583927
204,1770674196.457758,D1,0.518434966,0.416891091,0.390783581,D2,0.153752379
204,1770674196.457758,D2,0.725139142,0.583108909,0.544535960,D2,0.153752379
205,1770674196.490117,D1,0.518839357,0.416913738,0.391131983,D2,0.153917981
205,1770674196.490117,D2,0.725637160,0.583086262,0.545049964,D2,0.153917981
206,1770674196.522301,D1,0.519115534,0.416901281,0.391475574,D2,0.154081707
206,1770674196.522301,D2,0.726060619,0.583098719,0.545557281,D2,0.154081707
207,1770674196.554450,D1,0.519527895,0.416982092,0.391815661,D2,0.154241095
207,1770674196.554450,D2,0.726395863,0.583017908,0.546056756,D2,0.154241095
208,1770674196.580351,D1,0.519760607,0.416948710,0.392150768,D2,0.154399248
208,1770674196.580351,D2,0.726821032,0.583051290,0.546550016,D2,0.154399248
209,1770674196.607780,D1,0.519904161,0.416854624,0.392480153,D2,0.154557801
209,1770674196.607780,D2,0.727303212,0.583145376,0.547037954,D2,0.154557801
210,1770674196.635842,D1,0.520050327,0.416733541,0.392803531,D2,0.154717470
210,1770674196.635842,D2,0.727870168,0.583266459,0.547521001,D2,0.154717470
211,1770674196.663729,D1,0.520194620,0.416724654,0.393122480,D2,0.154875246
211,1770674196.663729,D2,0.728098745,0.583275346,0.547997726,D2,0.154875246
212,1770674196.691786,D1,0.520445519,0.416687314,0.393436677,D2,0.155031914
212,1770674196.691786,D2,0.728561834,0.583312686,0.548468592,D2,0.155031914
213,1770674196.720547,D1,0.520626021,0.416577162,0.393745217,D2,0.155189431
213,1770674196.720547,D2,0.729144895,0.583422838,0.548934648,D2,0.155189431
214,1770674196.748574,D1,0.520725130,0.416500465,0.394048621,D2,0.155346893
214,1770674196.748574,D2,0.729513881,0.583499535,0.549395513,D2,0.155346893
215,1770674196.777920,D1,0.520906018,0.416436468,0.394347125,D2,0.155503962
215,1770674196.777920,D2,0.729959498,0.583563532,0.549851087,D2,0.155503962
216,1770674196.806391,D1,0.520955446,0.416290048,0.394639697,D2,0.155662841
216,1770674196.806391,D2,0.730468769,0.583709952,0.550302539,D2,0.155662841
217,1770674196.836878,D1,0.521355610,0.416311714,0.394928658,D2,0.155819024
217,1770674196.836878,D2,0.730964689,0.583688286,0.550747682,D2,0.155819024
218,1770674196.866990,D1,0.521638799,0.416389062,0.395214796,D2,0.155971062
218,1770674196.866990,D2,0.731128976,0.583610938,0.551185859,D2,0.155971062
219,1770674196.895737,D1,0.521890824,0.416463563,0.395498113,D2,0.156119086
219,1770674196.895737,D2,0.731257999,0.583536437,0.551617200,D2,0.156119086
220,1770674196.926817,D1,0.522146733,0.416480174,0.395777874,D2,0.156264694
220,1770674196.926817,D2,0.731566566,0.583519826,0.552042568,D2,0.156264694
221,1770674196.958632,D1,0.522538016,0.416516525,0.396054389,D2,0.156407391
221,1770674196.958632,D2,0.732005284,0.583483475,0.552461780,D2,0.156407391
222,1770674196.985017,D1,0.522602857,0.416300493,0.396324338,D2,0.156553946
222,1770674196.985017,D2,0.732747221,0.583699507,0.552878283,D2,0.156553946
223,1770674197.012318,D1,0.522961771,0.416381161,0.396591762,D2,0.156696395
223,1770674197.012318,D2,0.733007086,0.583618839,0.553288157,D2,0.156696395
224,1770674197.040137,D1,0.523295947,0.416416592,0.396856093,D2,0.156836001
224,1770674197.040137,D2,0.733368548,0.583583408,0.553692094,D2,0.156836001
225,1770674197.068180,D1,0.523535096,0.416340619,0.397115887,D2,0.156975771
225,1770674197.068180,D2,0.733933120,0.583659381,0.554091658,D2,0.156975771
226,1770674197.096455,D1,0.523710918,0.416252577,0.397371042,D2,0.157116025
226,1770674197.096455,D2,0.734445660,0.583747423,0.554487068,D2,0.157116025
227,1770674197.124009,D1,0.523947620,0.416216870,0.397622320,D2,0.157255362
227,1770674197.124009,D2,0.734885593,0.583783130,0.554877682,D2,0.157255362
228,1770674197.152408,D1,0.524146315,0.416168138,0.397869598,D2,0.157394140
228,1770674197.152408,D2,0.735311743,0.583831862,0.555263738,D2,0.157394140
229,1770674197.180188,D1,0.524302760,0.416134688,0.398113132,D2,0.157531960
229,1770674197.180188,D2,0.735632485,0.583865312,0.555645092,D2,0.157531960
230,1770674197.208147,D1,0.524393805,0.415956876,0.398351049,D2,0.157672684
230,1770674197.208147,D2,0.736298915,0.584043124,0.556023733,D2,0.157672684
231,1770674197.237185,D1,0.524571390,0.415828448,0.398584081,D2,0.157814956
231,1770674197.237185,D2,0.736937756,0.584171552,0.556399037,D2,0.157814956
232,1770674197.265307,D1,0.524830366,0.415768406,0.398813205,D2,0.157956932
232,1770674197.265307,D2,0.737483842,0.584231594,0.556770138,D2,0.157956932
233,1770674197.297931,D1,0.524969748,0.415693552,0.399038276,D2,0.158099012
233,1770674197.297931,D2,0.737907065,0.584306448,0.557137288,D2,0.158099012
234,1770674197.331335,D1,0.525198891,0.415695657,0.399260375,D2,0.158239141
234,1770674197.331335,D2,0.738222755,0.584304343,0.557499516,D2,0.158239141
235,1770674197.366923,D1,0.525292192,0.415625196,0.399478572,D2,0.158379280
235,1770674197.366923,D2,0.738568126,0.584374804,0.557857853,D2,0.158379280
236,1770674197.402411,D1,0.525744133,0.415686180,0.399694674,D2,0.158515925
236,1770674197.402411,D2,0.739017983,0.584313820,0.558210599,D2,0.158515925
237,1770674197.438285,D1,0.526016681,0.415695314,0.399908016,D2,0.158650505
237,1770674197.438285,D2,0.739373290,0.584304686,0.558558520,D2,0.158650505
238,1770674197.474108,D1,0.526315355,0.415694282,0.400118499,D2,0.158783317
238,1770674197.474108,D2,0.739796252,0.584305718,0.558901816,D2,0.158783317
239,1770674197.510265,D1,0.526442453,0.415656107,0.400325667,D2,0.158915377
239,1770674197.510265,D2,0.740091213,0.584343893,0.559241044,D2,0.158915377
240,1770674197.544724,D1,0.526833069,0.415755393,0.400531397,D2,0.159043028
240,1770674197.544724,D2,0.740337672,0.584244607,0.559574425,D2,0.159043028
241,1770674197.581801,D1,0.527153491,0.415877824,0.400736016,D2,0.159165712
241,1770674197.581801,D2,0.740414676,0.584122176,0.559901728,D2,0.159165712
242,1770674197.616918,D1,0.527249907,0.415986161,0.400939351,D2,0.159283872
242,1770674197.616918,D2,0.740219920,0.584013839,0.560223223,D2,0.159283872
243,1770674197.651374,D1,0.527540767,0.415933319,0.401139271,D2,0.159401865
243,1770674197.651374,D2,0.740789377,0.584066681,0.560541136,D2,0.159401865
244,1770674197.688133,D1,0.527892837,0.415931997,0.401336507,D2,0.159518320
244,1770674197.688133,D2,0.741287801,0.584068003,0.560854827,D2,0.159518320
245,1770674197.722709,D1,0.528264390,0.415980660,0.401531763,D2,0.159631925
245,1770674197.722709,D2,0.741660972,0.584019340,0.561163688,D2,0.159631925
246,1770674197.757701,D1,0.528262197,0.415807421,0.401722105,D2,0.159748635
246,1770674197.757701,D2,0.742186982,0.584192579,0.561470739,D2,0.159748635
247,1770674197.792441,D1,0.528484406,0.415808874,0.401909928,D2,0.159863750
247,1770674197.792441,D2,0.742494738,0.584191126,0.561773678,D2,0.159863750
248,1770674197.827875,D1,0.528688806,0.415770261,0.402094733,D2,0.159978359
248,1770674197.827875,D2,0.742899991,0.584229739,0.562073092,D2,0.159978359
249,1770674197.862786,D1,0.528872216,0.415797202,0.402277432,D2,0.160090722
249,1770674197.862786,D2,0.743075295,0.584202798,0.562368155,D2,0.160090722
250,1770674197.899199,D1,0.529178338,0.415796193,0.402457683,D2,0.160201614
250,1770674197.899199,D2,0.743508490,0.584203807,0.562659297,D2,0.160201614
251,1770674197.933660,D1,0.529396790,0.415817269,0.402635810,D2,0.160310466
251,1770674197.933660,D2,0.743750885,0.584182731,0.562946276,D2,0.160310466
252,1770674197.968054,D1,0.529515219,0.415804826,0.402811397,D2,0.160418197
252,1770674197.968054,D2,0.743955374,0.584195174,0.563229595,D2,0.160418197
253,1770674197.998587,D1,0.529902727,0.415807965,0.402984685,D2,0.160524409
253,1770674197.998587,D2,0.744490195,0.584192035,0.563509094,D2,0.160524409
254,1770674198.035500,D1,0.530157011,0.415866658,0.403156444,D2,0.160627639
254,1770674198.035500,D2,0.744667504,0.584133342,0.563784084,D2,0.160627639
255,1770674198.070313,D1,0.530329567,0.415818365,0.403325270,D2,0.160730781
255,1770674198.070313,D2,0.745057987,0.584181635,0.564056051,D2,0.160730781
256,1770674198.106840,D1,0.530568145,0.415853726,0.403492316,D2,0.160831605
256,1770674198.106840,D2,0.745284664,0.584146274,0.564323921,D2,0.160831605
257,1770674198.141555,D1,0.530993275,0.415963767,0.403658602,D2,0.160928149
257,1770674198.141555,D2,0.745544050,0.584036233,0.564586752,D2,0.160928149
258,1770674198.177881,D1,0.531289050,0.415934362,0.403822279,D2,0.161024191
258,1770674198.177881,D2,0.746049632,0.584065638,0.564846470,D2,0.161024191
259,1770674198.213542,D1,0.531462076,0.415809036,0.403982102,D2,0.161122294
259,1770674198.213542,D2,0.746677719,0.584190964,0.565104397,D2,0.161122294
260,1770674198.243124,D1,0.531688448,0.415790828,0.404139552,D2,0.161219575
260,1770674198.243124,D2,0.747051756,0.584209172,0.565359127,D2,0.161219575
261,1770674198.282633,D1,0.531965161,0.415801941,0.404295051,D2,0.161315262
261,1770674198.282633,D2,0.747406358,0.584198059,0.565610313,D2,0.161315262
262,1770674198.314368,D1,0.532284038,0.415860503,0.404449257,D2,0.161408112
262,1770674198.314368,D2,0.747674107,0.584139497,0.565857369,D2,0.161408112
263,1770674198.348380,D1,0.532430271,0.415782419,0.404600365,D2,0.161501806
263,1770674198.348380,D2,0.748119955,0.584217581,0.566102171,D2,0.161501806
264,1770674198.385519,D1,0.532556425,0.415648140,0.404747669,D2,0.161597831
264,1770674198.385519,D2,0.748711007,0.584351860,0.566345501,D2,0.161597831
265,1770674198.419445,D1,0.532882396,0.415667121,0.404893262,D2,0.161692070
265,1770674198.419445,D2,0.749110741,0.584332879,0.566585332,D2,0.161692070
266,1770674198.451878,D1,0.532864702,0.415629578,0.405036413,D2,0.161786054
266,1770674198.451878,D2,0.749201663,0.584370422,0.566822467,D2,0.161786054
267,1770674198.485198,D1,0.533058764,0.415647786,0.405177898,D2,0.161878299
267,1770674198.485198,D2,0.749418329,0.584352214,0.567056197,D2,0.161878299
268,1770674198.514992,D1,0.533110995,0.415521286,0.405315809,D2,0.161972687
268,1770674198.514992,D2,0.749882229,0.584478714,0.567288497,D2,0.161972687
269,1770674198.545029,D1,0.533338088,0.415516247,0.405451815,D2,0.162065952
269,1770674198.545029,D2,0.750217230,0.584483753,0.567517767,D2,0.162065952
270,1770674198.579042,D1,0.533579636,0.415466134,0.405585340,D2,0.162159309
270,1770674198.579042,D2,0.750711892,0.584533866,0.567744648,D2,0.162159309
271,1770674198.614142,D1,0.534145256,0.415652514,0.405719569,D2,0.162246451
271,1770674198.614142,D2,0.750931191,0.584347486,0.567966020,D2,0.162246451
272,1770674198.647128,D1,0.534527042,0.415669272,0.405852231,D2,0.162331984
272,1770674198.647128,D2,0.751416080,0.584330728,0.568184216,D2,0.162331984
273,1770674198.676494,D1,0.534606995,0.415633391,0.405982647,D2,0.162417334
273,1770674198.676494,D2,0.751639506,0.584366609,0.568399981,D2,0.162417334
274,1770674198.714919,D1,0.534831094,0.415675180,0.406111881,D2,0.162500432
274,1770674198.714919,D2,0.751825217,0.584324820,0.568612312,D2,0.162500432
275,1770674198.749103,D1,0.534926139,0.415548631,0.406237704,D2,0.162585796
275,1770674198.749103,D2,0.752350726,0.584451369,0.568823500,D2,0.162585796
276,1770674198.780640,D1,0.535000042,0.415579702,0.406362264,D2,0.162669193
276,1770674198.780640,D2,0.752358412,0.584420298,0.569031457,D2,0.162669193
277,1770674198.814431,D1,0.535188808,0.415507338,0.406484198,D2,0.162753408
277,1770674198.814431,D2,0.752848152,0.584492662,0.569237606,D2,0.162753408
278,1770674198.845422,D1,0.535345808,0.415429128,0.406603464,D2,0.162838586
278,1770674198.845422,D2,0.753311563,0.584570872,0.569442050,D2,0.162838586
279,1770674198.880253,D1,0.535544582,0.415408622,0.406720866,D2,0.162923175
279,1770674198.880253,D2,0.753654904,0.584591378,0.569644041,D2,0.162923175
280,1770674198.916729,D1,0.535793466,0.415391592,0.406836476,D2,0.163007090
280,1770674198.916729,D2,0.754058028,0.584608408,0.569843566,D2,0.163007090
281,1770674198.944223,D1,0.536094869,0.415399067,0.406950644,D2,0.163089687
281,1770674198.944223,D2,0.754458991,0.584600933,0.570040331,D2,0.163089687
282,1770674198.973897,D1,0.536340000,0.415329381,0.407062360,D2,0.163173041
282,1770674198.973897,D2,0.755020603,0.584670619,0.570235401,D2,0.163173041
283,1770674199.002761,D1,0.536452635,0.415312799,0.407172366,D2,0.163255726
283,1770674199.002761,D2,0.755230734,0.584687201,0.570428092,D2,0.163255726
284,1770674199.034213,D1,0.536756887,0.415369642,0.407281663,D2,0.163335792
284,1770674199.034213,D2,0.755482201,0.584630358,0.570617455,D2,0.163335792
285,1770674199.067920,D1,0.537073675,0.415421255,0.407390191,D2,0.163413415
285,1770674199.067920,D2,0.755767431,0.584578745,0.570803606,D2,0.163413415
286,1770674199.097086,D1,0.537279721,0.415364341,0.407496513,D2,0.163491520
286,1770674199.097086,D2,0.756234593,0.584635659,0.570988033,D2,0.163491520
287,1770674199.126761,D1,0.537364021,0.415323506,0.407600873,D2,0.163569673
287,1770674199.126761,D2,0.756480448,0.584676494,0.571170546,D2,0.163569673
288,1770674199.156523,D1,0.537563640,0.415314535,0.407703722,D2,0.163647023
288,1770674199.156523,D2,0.756789422,0.584685465,0.571350745,D2,0.163647023
289,1770674199.185881,D1,0.537677190,0.415309670,0.407805134,D2,0.163723472
289,1770674199.185881,D2,0.756964446,0.584690330,0.571528606,D2,0.163723472
290,1770674199.214162,D1,0.537889278,0.415274742,0.407904729,D2,0.163799833
290,1770674199.214162,D2,0.757371964,0.584725258,0.571704561,D2,0.163799833
291,1770674199.242397,D1,0.537991583,0.415269964,0.408002932,D2,0.163875302
291,1770674199.242397,D2,0.757530920,0.584730036,0.571878234,D2,0.163875302
292,1770674199.272370,D1,0.538199567,0.415295227,0.408100163,D2,0.163949092
292,1770674199.272370,D2,0.757744938,0.584704773,0.572049255,D2,0.163949092
293,1770674199.310636,D1,0.538283651,0.415295034,0.408196094,D2,0.164021904
293,1770674199.310636,D2,0.757863922,0.584704966,0.572217998,D2,0.164021904
294,1770674199.346839,D1,0.538625924,0.415356180,0.408291562,D2,0.164092113
294,1770674199.346839,D2,0.758154888,0.584643820,0.572383675,D2,0.164092113
295,1770674199.382891,D1,0.538756706,0.415293508,0.408384921,D2,0.164163058
295,1770674199.382891,D2,0.758534717,0.584706492,0.572547980,D2,0.164163058
296,1770674199.412375,D1,0.539036331,0.415243957,0.408476375,D2,0.164234379
296,1770674199.412375,D2,0.759083296,0.584756043,0.572710754,D2,0.164234379
297,1770674199.441390,D1,0.539196092,0.415207946,0.408566129,D2,0.164305708
297,1770674199.441390,D2,0.759420895,0.584792054,0.572871838,D2,0.164305708
298,1770674199.471519,D1,0.539465472,0.415188212,0.408654424,D2,0.164376613
298,1770674199.471519,D2,0.759862052,0.584811788,0.573031037,D2,0.164376613
299,1770674199.501646,D1,0.539698847,0.415216552,0.408741919,D2,0.164445817
299,1770674199.501646,D2,0.760102052,0.584783448,0.573187736,D2,0.164445817
300,1770674199.530031,D1,0.540049839,0.415273795,0.408829011,D2,0.164512572
300,1770674199.530031,D2,0.760417096,0.584726205,0.573341582,D2,0.164512572
301,1770674199.558450,D1,0.540427968,0.415310085,0.408915425,D2,0.164577468
301,1770674199.558450,D2,0.760835806,0.584689915,0.573492893,D2,0.164577468
302,1770674199.590340,D1,0.540745260,0.415278564,0.409000267,D2,0.164642340
302,1770674199.590340,D2,0.761381330,0.584721436,0.573642607,D2,0.164642340
303,1770674199.619245,D1,0.541036051,0.415392203,0.409085493,D2,0.164703317
303,1770674199.619245,D2,0.761434354,0.584607797,0.573788810,D2,0.164703317
304,1770674199.647113,D1,0.541289664,0.415455565,0.409170427,D2,0.164761791
304,1770674199.647113,D2,0.761592544,0.584544435,0.573932218,D2,0.164761791
305,1770674199.676397,D1,0.541737695,0.415492222,0.409254718,D2,0.164818508
305,1770674199.676397,D2,0.762107878,0.584507778,0.574073226,D2,0.164818508
306,1770674199.705164,D1,0.541673855,0.415356488,0.409336074,D2,0.164878088
306,1770674199.705164,D2,0.762444103,0.584643512,0.574214163,D2,0.164878088
307,1770674199.733860,D1,0.541755245,0.415295591,0.409415535,D2,0.164938498
307,1770674199.733860,D2,0.762749924,0.584704409,0.574354033,D2,0.164938498
308,1770674199.762831,D1,0.541999075,0.415304224,0.409494051,D2,0.164997872
308,1770674199.762831,D2,0.763066088,0.584695776,0.574491923,D2,0.164997872
309,1770674199.813163,D1,0.542152452,0.415179054,0.409569851,D2,0.165059792
309,1770674199.813163,D2,0.763675592,0.584820946,0.574629643,D2,0.165059792
310,1770674199.841894,D1,0.542338550,0.415208902,0.409645038,D2,0.165120091
310,1770674199.841894,D2,0.763843824,0.584791098,0.574765129,D2,0.165120091
311,1770674199.880598,D1,0.542665318,0.415263711,0.409719954,D2,0.165178124
311,1770674199.880598,D2,0.764131551,0.584736289,0.574898078,D2,0.165178124
312,1770674199.916445,D1,0.542873969,0.415278432,0.409794067,D2,0.165234991
312,1770674199.916445,D2,0.764379015,0.584721568,0.575029058,D2,0.165234991
313,1770674199.954645,D1,0.542891855,0.415219167,0.409866401,D2,0.165292680
313,1770674199.954645,D2,0.764590792,0.584780833,0.575159081,D2,0.165292680
314,1770674200.000353,D1,0.543297504,0.415288321,0.409938694,D2,0.165347756
314,1770674200.000353,D2,0.764944209,0.584711679,0.575286449,D2,0.165347756
315,1770674200.029258,D1,0.543192544,0.415127907,0.410007883,D2,0.165406375
315,1770674200.029258,D2,0.765301862,0.584872093,0.575414258,D2,0.165406375
316,1770674200.058573,D1,0.543310388,0.415096650,0.410075733,D2,0.165465046
316,1770674200.058573,D2,0.765566446,0.584903350,0.575540779,D2,0.165465046
317,1770674200.095113,D1,0.543611119,0.415221190,0.410144339,D2,0.165519613
317,1770674200.095113,D2,0.765597400,0.584778810,0.575663953,D2,0.165519613
318,1770674200.123937,D1,0.543837068,0.415162890,0.410211253,D2,0.165575008
318,1770674200.123937,D2,0.766099539,0.584837110,0.575786262,D2,0.165575008
319,1770674200.153576,D1,0.543879342,0.415068355,0.410276015,D2,0.165632185
319,1770674200.153576,D2,0.766457464,0.584931645,0.575908200,D2,0.165632185
320,1770674200.183102,D1,0.544231945,0.415156005,0.410341081,D2,0.165686263
320,1770674200.183102,D2,0.766677540,0.584843995,0.576027344,D2,0.165686263
321,1770674200.216370,D1,0.544540306,0.415243607,0.410406448,D2,0.165737283
321,1770674200.216370,D2,0.766835225,0.584756393,0.576143731,D2,0.165737283
322,1770674200.252360,D1,0.544680459,0.415254551,0.410471090,D2,0.165787331
322,1770674200.252360,D2,0.766998022,0.584745449,0.576258421,D2,0.165787331
323,1770674200.288595,D1,0.544923151,0.415261603,0.410534963,D2,0.165836524
323,1770674200.288595,D2,0.767317487,0.584738397,0.576371487,D2,0.165836524
324,1770674200.323959,D1,0.544937286,0.415188287,0.410597007,D2,0.165887016
324,1770674200.323959,D2,0.767569120,0.584811713,0.576484024,D2,0.165887016
325,1770674200.357709,D1,0.545205459,0.415230293,0.410658785,D2,0.165935715
325,1770674200.357709,D2,0.767814011,0.584769707,0.576594499,D2,0.165935715
326,1770674200.395640,D1,0.545316045,0.415235945,0.410719813,D2,0.165983613
326,1770674200.395640,D2,0.767951872,0.584764055,0.576703427,D2,0.165983613
327,1770674200.435248,D1,0.545632596,0.415276257,0.410780566,D2,0.166029798
327,1770674200.435248,D2,0.768270104,0.584723743,0.576810364,D2,0.166029798
328,1770674200.472775,D1,0.545995452,0.415428304,0.410842536,D2,0.166071313
328,1770674200.472775,D2,0.768299811,0.584571696,0.576913849,D2,0.166071313
329,1770674200.511508,D1,0.546163832,0.415375247,0.410902972,D2,0.166113689
329,1770674200.511508,D2,0.768704677,0.584624753,0.577016661,D2,0.166113689
330,1770674200.548268,D1,0.546434633,0.415374986,0.410962599,D2,0.166155507
330,1770674200.548268,D2,0.769086646,0.584625014,0.577118105,D2,0.166155507
331,1770674200.581605,D1,0.546746994,0.415418047,0.411022005,D2,0.166195619
331,1770674200.581605,D2,0.769389843,0.584581953,0.577217623,D2,0.166195619
332,1770674200.610130,D1,0.546950722,0.415420424,0.411080650,D2,0.166235132
332,1770674200.610130,D2,0.769668996,0.584579576,0.577315783,D2,0.166235132
333,1770674200.640861,D1,0.547068807,0.415444428,0.411138834,D2,0.166273479
333,1770674200.640861,D2,0.769759077,0.584555572,0.577412313,D2,0.166273479
334,1770674200.670385,D1,0.547204337,0.415467073,0.411196544,D2,0.166310711
334,1770674200.670385,D2,0.769877983,0.584532927,0.577507255,D2,0.166310711
335,1770674200.699915,D1,0.547292787,0.415359896,0.411252055,D2,0.166350304
335,1770674200.699915,D2,0.770342334,0.584640104,0.577602360,D2,0.166350304
336,1770674200.730669,D1,0.547607644,0.415569844,0.411309626,D2,0.166383771
336,1770674200.730669,D2,0.770119452,0.584430156,0.577693397,D2,0.166383771
337,1770674200.761652,D1,0.547773977,0.415599319,0.411366822,D2,0.166416005
337,1770674200.761652,D2,0.770259890,0.584400681,0.577782827,D2,0.166416005
338,1770674200.792458,D1,0.547971178,0.415559361,0.411422722,D2,0.166448876
338,1770674200.792458,D2,0.770663965,0.584440639,0.577871598,D2,0.166448876
339,1770674200.823201,D1,0.548530415,0.415739708,0.411480282,D2,0.166476499
339,1770674200.823201,D2,0.770877870,0.584260292,0.577956781,D2,0.166476499
340,1770674200.854597,D1,0.548750777,0.415786877,0.411537703,D2,0.166502495
340,1770674200.854597,D2,0.771037814,0.584213123,0.578040199,D2,0.166502495
341,1770674200.885255,D1,0.548741694,0.415650483,0.411592540,D2,0.166531782
341,1770674200.885255,D2,0.771458130,0.584349517,0.578124323,D2,0.166531782
342,1770674200.918669,D1,0.548781909,0.415537817,0.411645144,D2,0.166563683
342,1770674200.918669,D2,0.771872642,0.584462183,0.578208828,D2,0.166563683
343,1770674200.949488,D1,0.548873521,0.415500757,0.411696552,D2,0.166596148
343,1770674200.949488,D2,0.772119308,0.584499243,0.578292700,D2,0.166596148
344,1770674200.980909,D1,0.549211456,0.415541889,0.411747823,D2,0.166627082
344,1770674200.980909,D2,0.772463856,0.584458111,0.578374905,D2,0.166627082
345,1770674201.011688,D1,0.549491168,0.415606982,0.411799279,D2,0.166655868
345,1770674201.011688,D2,0.772650163,0.584393018,0.578455147,D2,0.166655868
346,1770674201.042249,D1,0.549740265,0.415601302,0.411849973,D2,0.166684422
346,1770674201.042249,D2,0.773018500,0.584398698,0.578534394,D2,0.166684422
347,1770674201.072463,D1,0.549965404,0.415549453,0.411899299,D2,0.166713977
347,1770674201.072463,D2,0.773500191,0.584450547,0.578613276,D2,0.166713977
348,1770674201.102612,D1,0.549999722,0.415524136,0.411947630,D2,0.166743814
348,1770674201.102612,D2,0.773629098,0.584475864,0.578691444,D2,0.166743814
349,1770674201.133679,D1,0.550176354,0.415575550,0.411996002,D2,0.166771882
349,1770674201.133679,D2,0.773713741,0.584424450,0.578767884,D2,0.166771882
350,1770674201.163890,D1,0.550365898,0.415569037,0.412043643,D2,0.166799749
350,1770674201.163890,D2,0.774001050,0.584430963,0.578843392,D2,0.166799749
351,1770674201.193870,D1,0.550424465,0.415428818,0.412088779,D2,0.166830984
351,1770674201.193870,D2,0.774530476,0.584571182,0.578919762,D2,0.166830984
352,1770674201.224459,D1,0.550662216,0.415360258,0.412132398,D2,0.166863630
352,1770674201.224459,D2,0.775083820,0.584639742,0.578996029,D2,0.166863630
353,1770674201.254258,D1,0.550887923,0.415379504,0.412175693,D2,0.166895329
353,1770674201.254258,D2,0.775340062,0.584620496,0.579071022,D2,0.166895329
354,1770674201.284866,D1,0.551137793,0.415422982,0.412218990,D2,0.166925445
354,1770674201.284866,D2,0.775552873,0.584577018,0.579144435,D2,0.166925445
355,1770674201.319850,D1,0.551333432,0.415385097,0.412261205,D2,0.166956170
355,1770674201.319850,D2,0.775949217,0.584614903,0.579217374,D2,0.166956170
356,1770674201.365725,D1,0.551462163,0.415387496,0.412302889,D2,0.166986421
356,1770674201.365725,D2,0.776122727,0.584612504,0.579289310,D2,0.166986421
357,1770674201.405457,D1,0.551399865,0.415361212,0.412343666,D2,0.167016969
357,1770674201.405457,D2,0.776119051,0.584638788,0.579360636,D2,0.167016969
358,1770674201.435033,D1,0.551564077,0.415340355,0.412383622,D2,0.167047667
358,1770674201.435033,D2,0.776416867,0.584659645,0.579431289,D2,0.167047667
359,1770674201.466320,D1,0.551940502,0.415480813,0.412424918,D2,0.167074210
359,1770674201.466320,D2,0.776497504,0.584519187,0.579499128,D2,0.167074210
360,1770674201.495703,D1,0.551986393,0.415395625,0.412464528,D2,0.167102670
360,1770674201.495703,D2,0.776834520,0.584604375,0.579567198,D2,0.167102670
361,1770674201.525982,D1,0.552268842,0.415477728,0.412504704,D2,0.167128562
361,1770674201.525982,D2,0.776969297,0.584522272,0.579633266,D2,0.167128562
362,1770674201.553791,D1,0.552593827,0.415561301,0.412545458,D2,0.167151880
362,1770674201.553791,D2,0.777159031,0.584438699,0.579697338,D2,0.167151880
363,1770674201.583357,D1,0.552769978,0.415563405,0.412585698,D2,0.167174831
363,1770674201.583357,D2,0.777400030,0.584436595,0.579760528,D2,0.167174831
364,1770674201.615058,D1,0.552809964,0.415530450,0.412624961,D2,0.167198354
364,1770674201.615058,D2,0.777561768,0.584469550,0.579823315,D2,0.167198354
365,1770674201.644617,D1,0.552999229,0.415637747,0.412665131,D2,0.167218703
365,1770674201.644617,D2,0.777484426,0.584362253,0.579883834,D2,0.167218703
366,1770674201.675418,D1,0.553372857,0.415749686,0.412706259,D2,0.167235795
366,1770674201.675418,D2,0.777651256,0.584250314,0.579942054,D2,0.167235795
367,1770674201.706256,D1,0.553400411,0.415724088,0.412746496,D2,0.167253342
367,1770674201.706256,D2,0.777771939,0.584275912,0.579999839,D2,0.167253342
368,1770674201.738376,D1,0.553529336,0.415677953,0.412785583,D2,0.167271886
368,1770674201.738376,D2,0.778100913,0.584322047,0.580057468,D2,0.167271886
369,1770674201.769201,D1,0.553589133,0.415634180,0.412823564,D2,0.167291349
369,1770674201.769201,D2,0.778325227,0.584365820,0.580114913,D2,0.167291349
370,1770674201.799569,D1,0.553882879,0.415625192,0.412860919,D2,0.167310793
370,1770674201.799569,D2,0.778767040,0.584374808,0.580171712,D2,0.167310793
371,1770674201.827917,D1,0.553874278,0.415548942,0.412896759,D2,0.167332010
371,1770674201.827917,D2,0.778999476,0.584451058,0.580228770,D2,0.167332010
372,1770674201.858320,D1,0.554015451,0.415464204,0.412930992,D2,0.167355205
372,1770674201.858320,D2,0.779469950,0.584535796,0.580286197,D2,0.167355205
373,1770674201.889082,D1,0.554169187,0.415475226,0.412964915,D2,0.167377796
373,1770674201.889082,D2,0.779650864,0.584524774,0.580342711,D2,0.167377796
374,1770674201.920543,D1,0.554537415,0.415529954,0.412999115,D2,0.167398627
374,1770674201.920543,D2,0.779993129,0.584470046,0.580397742,D2,0.167398627
375,1770674201.952255,D1,0.554597356,0.415416980,0.413031354,D2,0.167422192
375,1770674201.952255,D2,0.780440406,0.584583020,0.580453546,D2,0.167422192
376,1770674201.983825,D1,0.554968397,0.415361571,0.413062423,D2,0.167446921
376,1770674201.983825,D2,0.781140757,0.584638429,0.580509344,D2,0.167446921
377,1770674202.019118,D1,0.555208080,0.415420937,0.413093870,D2,0.167469737
377,1770674202.019118,D2,0.781287100,0.584579063,0.580563607,D2,0.167469737
378,1770674202.058045,D1,0.555404164,0.415405316,0.413124689,D2,0.167492665
378,1770674202.058045,D2,0.781613305,0.584594684,0.580617355,D2,0.167492665
379,1770674202.096674,D1,0.555589273,0.415404355,0.413155085,D2,0.167515314
379,1770674202.096674,D2,0.781876900,0.584595645,0.580670399,D2,0.167515314
380,1770674202.133621,D1,0.555725950,0.415478507,0.413186064,D2,0.167535683
380,1770674202.133621,D2,0.781830484,0.584521493,0.580721747,D2,0.167535683
381,1770674202.171398,D1,0.555910946,0.415418600,0.413215831,D2,0.167557378
381,1770674202.171398,D2,0.782283700,0.584581400,0.580773209,D2,0.167557378
382,1770674202.207514,D1,0.555873370,0.415374526,0.413244614,D2,0.167579959
382,1770674202.207514,D2,0.782372804,0.584625474,0.580824572,D2,0.167579959
383,1770674202.246567,D1,0.555938369,0.415350236,0.413272689,D2,0.167602886
383,1770674202.246567,D2,0.782542558,0.584649764,0.580875575,D2,0.167602886
384,1770674202.283373,D1,0.556081457,0.415367244,0.413300616,D2,0.167625055
384,1770674202.283373,D2,0.782689151,0.584632756,0.580925670,D2,0.167625055
385,1770674202.320743,D1,0.556307936,0.415385106,0.413328409,D2,0.167646451
385,1770674202.320743,D2,0.782950328,0.584614894,0.580974860,D2,0.167646451
386,1770674202.359779,D1,0.556411714,0.415383084,0.413355805,D2,0.167667616
386,1770674202.359779,D2,0.783102907,0.584616916,0.581023421,D2,0.167667616
387,1770674202.396690,D1,0.556746209,0.415426521,0.413383414,D2,0.167687341
387,1770674202.396690,D2,0.783433537,0.584573479,0.581070755,D2,0.167687341
388,1770674202.434442,D1,0.556832995,0.415530621,0.413412044,D2,0.167704026
388,1770674202.434442,D2,0.783219859,0.584469379,0.581116070,D2,0.167704026
389,1770674202.472579,D1,0.556980453,0.415563494,0.413440730,D2,0.167719613
389,1770674202.472579,D2,0.783321234,0.584436506,0.581160342,D2,0.167719613
390,1770674202.510188,D1,0.557157525,0.415618989,0.413469773,D2,0.167733511
390,1770674202.510188,D2,0.783391244,0.584381011,0.581203285,D2,0.167733511
391,1770674202.548129,D1,0.557415407,0.415674901,0.413499175,D2,0.167745734
391,1770674202.548129,D2,0.783573440,0.584325099,0.581244909,D2,0.167745734
392,1770674202.587430,D1,0.557502333,0.415627818,0.413527557,D2,0.167759049
392,1770674202.587430,D2,0.783847570,0.584372182,0.581286606,D2,0.167759049
393,1770674202.623012,D1,0.557594795,0.415614295,0.413555380,D2,0.167772547
393,1770674202.623012,D2,0.784021224,0.584385705,0.581327927,D2,0.167772547
394,1770674202.655464,D1,0.557710416,0.415538263,0.413581818,D2,0.167787893
394,1770674202.655464,D2,0.784429325,0.584461737,0.581369711,D2,0.167787893
395,1770674202.689691,D1,0.557715012,0.415443876,0.413606646,D2,0.167805551
395,1770674202.689691,D2,0.784740717,0.584556124,0.581412197,D2,0.167805551
396,1770674202.725161,D1,0.557898814,0.415489616,0.413631752,D2,0.167821754
396,1770674202.725161,D2,0.784851504,0.584510384,0.581453506,D2,0.167821754
397,1770674202.760378,D1,0.558040920,0.415472957,0.413656302,D2,0.167838185
397,1770674202.760378,D2,0.785105271,0.584527043,0.581494486,D2,0.167838185
398,1770674202.795456,D1,0.558432854,0.415550793,0.413681561,D2,0.167852321
398,1770674202.795456,D2,0.785404923,0.584449207,0.581533883,D2,0.167852321
399,1770674202.833300,D1,0.558571486,0.415577869,0.413706846,D2,0.167865547
399,1770674202.833300,D2,0.785512324,0.584422131,0.581572393,D2,0.167865547
400,1770674202.870019,D1,0.558643833,0.415522740,0.413731057,D2,0.167880067
400,1770674202.870019,D2,0.785792414,0.584477260,0.581611124,D2,0.167880067
